ID	PATTERN_ID	INVENTORY_ID	PATTERN	INITIAL	MEDIAL	FINAL
1	1	1	CCCV	b|b j|d|f|g|g j|j|k|k w|m|m b|n|n j|p|p j|t|t j|w	b|b d|b t|d|f|g|j|j k|k|k n|k p|k t j|k w|kː|m|m b j|m p|m p t|n|n d|n f j|n g|n g d|n g w|nː|p|p t j|pː|t|tː|w	
2	1	2	CCCV	b|b l|d|d w|f|f l|g|g l|h|j|k|k l|k w|l|l j|l w|m|m b|m j|n|n w|p|p f l|p j|p l|s|s f|s h|s k|s k l|s p|t|t j|w	b|b d|b l|b s t|b t|d|d p j|f|f l|g|g l|h|j|k|k n|k p|k s m|k s p|k w|kk j|kː|l|l d j|l k j|lː|m|m b|m b j|m h w|m p|m p j|m p l|m p t|n|n d|n d l|n f|n f j|n g d|n j|n k l|n k s|n k t|n l|n s|n s j|n s k|n t l|n t m|p|p l|p t|p t j|p w|pp l|pː|s|s j|s p|s t|t|t s t|t w|w	
3	1	3	CCCV	b|b l|d|f|f l|g|h|k|k l|l|m|n|p|t	b|b d|d|f|f l|g|g m|h|k|k n|k p|kː|l|l k|m|m b|n|n d|n g d|n k l|n t m|p|p t|pp l|t|t g|t k|tː|ʔ	
4	2	1	CCCVC	b|b j|c|ç|d|d j|dz|dʒ|f|f j|j|k|m|m b|m j|n|n j|s|s b|s f|s k|s k j|s k w|s t j|s z|t|t s|ts|ts z|tʃ|w|z|ɟ|ɣ|ɣ w|ɲ|ɸ|ʃ|ʒ|ʝ|β	b|b ʃ t|c|d|d dʒ|d j|dz|dʒ|f|fː|j|j k|k|k n|k s t|k s tʃ|kk j|kː|m|m b j|n|n d|n d ʃ|n j|n k t|nː|s|s k w|t|t j|t s t|t w|ts|tʃ|tː|w|z|z j|ɟ|ɣ|ɲ|ɸ|ʃ|ʒ|ʒ j|β	c|ç|dʒ|f|k|m|s|t|ts|w|z|ɟ|ɣ|ɲ|ʃ|ʒ
5	2	2	CCCVC	b|b j|d|f|f j|f l|f r|g|g r|h|h l j|h r|j|k|k l|k w|l|m|m b|m r|n|n j|n w|p|p f l|p r|r|s|s k|s k l|s r|s t|s t j|s z|t|t s|v|w|z|z m r	b|b d|b j|b l|b s t|bb r|d|d p j|f|fː|g|gg r|h|j|j s k|k|k p|k t|k t j|l|l d j|l d r|l k|l k j|l t r|m|m b|m b r|m h w|m j|m p j|m p t|n|n f|n g|n g d|n g w|n j|n k j|n s|n s j|n s t|n s v|n t|n t l|n t m|n t r|n z|p|p l|p r|p w|r|r d w|r f|r g|r k|r n j|r t|rː|s|s t j|t|t g|t g r|t j|t k|t s|t s t|t w|v|v j|v w|w|z|z j|ʎ|ʔ	b|d|j|k|l|m|n|p|s|t|v|w|ʔ
6	2	3	CCCVC	b|b l|b r|d|d w|f|f l|f r|g|g j|g l|g l j|gg w|h|j|k|k j|k l|k r|k w|l|l j|m|m b|m r|n|n w|p|p q r|p r|q|q r|r|s|s j|s k|s k j|s k w|s l|s t r|t|t j|t r|w|w r|ŋ|ŋ w|ɢ|ʃ|ʃ j|χ	b|b s t|b t|b ʃ t|d|d j|d p j|d r|f|f l|fː|g|g l|g m|gg r|gː|h|j|j s k|k|k j|k p|k s|k s m|k s p|kk j|kː|l|l k|l t r|lː|m|m j|m p|m p l|n|n d l|n f|n f j|n f l|n k l|n k t|n s j|n s t|n t j|nː|p|p l|p r|p t j|r|r k|r m|r s|s|s t|s t j|s t r|t|t g r|t j|t s|w|ŋ|ŋ g|ŋ k j|ŋ k w|ʃ|ʃ t|ʎ|χ	b|d|f|g|j|k|l|m|n|p|r|s|t|w|ŋ|ʃ|ʎ|χ
7	2	4	CCCVC	b|d|d j|dʒ|g|g j|gg w|j|k|k j|k ŋ|m|p|s|s k w|s p|s t|s ŋ|t|t j|t s|tʃ|w|z|ŋ|ŋ w|ʂ|ʂ p|ʂ w|ʈ|ʐ	b|b j|d|d j|dʒ|g|g m|gː|j|j k|j s k|k|k s j|k s p|k t|kk j|m|m j|m p|m p j|p|s|s k w|s p|s t j|t|t s|tʃ|w|z|ŋ|ŋ g|ŋ g w|ŋ k j|ŋ k s|ŋ k tʃ|ʂ|ʈ	b|d|dʒ|g|m|p|s|t|tʃ|w|z|ŋ
8	2	5	CCCVC	b|d|d j|f|f l|g|g j|g l j|h|j|k|k j|k l|k w|l|l w|m|n|n j|n w|p|p f l|p l|s|s h|s j|s k|s l|s n|s p|t|tʃ|w|ɲ|ʂ|ʂ w|ʃ	b|b l|b s t|b t|d|d j|f|fː|g|g m|h|j|j k|j s k|k|k j|k s|k t|k w|kk j|kː|l|l d j|lː|m|m b|m b j|m j|m p|m p j|m p l|n|n d l|n f j|n j|n k t|n l|n s|n s k|n s l|n t|n t j|n t m|p|p l|p t|p t j|p w|pp l|s|s j|s p|s t j|t|t k|t tʃ|tʃ|tː|w|ɲ|ʂ|ʃ|ʃ t	b|d|f|g|j|k|l|m|n|s|t|tʃ|w|ɲ|ʂ|ʃ
9	2	6	CCCVC	b|d|d w|g|j|k|k j|m|m b|m j|n|n w|p|s|s b|s k|s k j|s t|s t j|t|t s|w|ʃ|ʃ j	b|b j|b ʃ t|d|d j|d p j|g|gː|j|j k|k|k p|k s|k s j|k s m|k s p|k t|k t j|kː|m|m b|m b j|m p|m p t|n|n d ʃ|n k j|n s|n s j|n t j|p|p t|p w|pː|s|s j|s t|t|t g|t s t|tː|w|ʃ	d|g|k|m|p|s|t|w|ʃ
10	2	7	CCCVC	h|h l j|j|k|k j|k l|k w|k ŋ|l|l j|l w|m|m j|n|n j|n w|p|p j|p ɾ|t|t j|t ɾ|w|ŋ|ŋ w|ɾ|ʃ	h|h w|j|j ɾ|k|k j|k p|k t|k w|l|l k|lː|m|m b|m p|m p t|n|n j|n k l|n k t|n l|n t l|n t m|p|p t|p w|pp l|t|t j|t k|t w|w|ŋ|ŋ k t|ɾ|ʃ|ʃ k ɾ|ʃ t	j|l|n|p|t|ŋ|ɾ|ʃ
11	2	8	CCCVC	j|k|k j|k l|k w|l|m|n|n w|p|p ŋ r|r|t|t j|t r|ts|w|w r|ŋ|ŋ r	j|j k|k|k j|k t|kk j|l|l t r|m|m p l|n|n l|n t|n t j|nː|p|p t|pː|r|r m|r n j|r t|r w|t|t j|t w|ts|tː|w|ŋ|ŋ k t|ŋ k w	j|k|l|m|p|r|t|ts|w|ŋ
12	3	1	CCCVCC	b|b j|b r|d|dʒ|f|f j|f l|f r|g|g j|g l|g r|h|h r|j|k|k j|k l|k r|k v|k w|l|l j|l w|m|m b|m j|n|n w|p|p f l|p j|p l|p r|r|s|s b|s h|s j|s k|s k j|s k w|s l|s n|s p|s p r|s t|s t r|s z|t|t r|tʃ|v|w|w r|z|zː|ɲ|ʃ|ʃ j|ʒ	b|b j|b s t|b t|d|d p j|d r|dʒ|f|fː|g|h|h w|j|j k|j s k|k|k p|k s t|kk j|l|l dʒ w|l g r|l k|l k j|l t r|l tʃ|m|m b|m b r|m h w|m j|m p t|n|n d r|n d ʃ|n f|n f j|n f l|n g w|n j|n k s|n k t|n l|n s|n s j|n s t|n t|n t l|n v|p|p w|r|r d w|r dʒ|r f|r k|r n j|r w|rː|s|s j|s t j|s t r|t|t g|t g r|t k|t s|t s t|t tʃ|tʃ|v|v w|w|z|ɲ|ʃ|ʃ t|ʒ	b|d|d s|dʒ|f|g|j|j n|j t|k|k l|k n|k s|l|l b|l d|l dʒ|l k|l z|m|m p|n|n d|n k|n s|n t|n tʃ|p|r|r b|r k|r s|r t|s k|s t|t|t l|tʃ|v|v l|w|w p|z m|ɲ|ʃ|ʒ n
13	3	2	CCCVCC	b|b j|d|d j|d w|dz|g|h|j|k|m|n|p|p j|t|ts|w	b|b j|d|d j|dz|g|h|h w|j|j k|k|k n|k p|k t|k w|kk j|kː|m|m b j|m h w|m j|m p j|n|n d|n g|n j|n k j|p|p t j|p w|t|t j|t k|ts|tː|w	d|g|h|j|k|m p|n|n d|n g|n k|n t|p t|t|ts|w|w p
14	3	3	CCCVCC	f|h|k|m|n|p|t|tʃ|x	f|h|k|k n|k p|k t|m|m p|n|n h|n k t|n t|n t m|p|p t|t|t tʃ|tʃ|x	f|f t|k|n k|n t|p|t|x
15	3	4	CCCVCC	h|j|k|k j|k l|k r|k w|l|l j|m|m r|n|n w|p|p l|p r|p ŋ r|r|s|s k|s k l|s k w|s l|s p|s p r|s r|s t|s t r|s ŋ|t|t j|t s|ts|tʃ|w|ŋ|ɲ	h|j|k|k j|k p|k s|k s j|k s m|k s p|k s t|k t|kː|l|l k|l t r|l tʃ|lː|m|m j|m p|m p j|n|n h|n j|n k t|n l|n s|n s l|n s t|n t|n t m|nː|p|p r|pp l|r|r m|r n j|r w|s|s k w|s p|s t j|s t r|t|t j|t s t|t tʃ|ts|tʃ|tː|w|ŋ|ŋ h|ŋ k j|ŋ k s|ŋ k tʃ|ŋ k w|ɲ|ʔ	h|j|j l|j s|j t|k|k n|k s|k t|l|l s|l ts|l ʔ|m|n|n s|n ʔ|p|r|s|s k|s t|t|ts|tʃ|w|w s|w ŋ|w ʔ|ŋ|ŋ k|ŋ n|ŋ ʔ|ʔ
16	4	1	CCCVCCC	b|b j|b l|b r|d|d r|g|g j|g l|g l j|g r|j|k|k j|k l|k r|k ɾ|l|l j|l w|m|m b|m j|n|n j|p|p j|p r|p ɾ|r|s|s b|s k j|s k l|s l|s n|s t|s t j|s t r|t|tʃ|w|ɾ	b|b d|b l|b s t|b t|d|d j|d p j|d r|g|gg r|j|j k|j ɾ|k|k j|k p|k s m|k s t|l|l d j|l t r|lː|m|m b|m b j|m p j|m p l|n|n d|n d l|n g d|n j|n s|n s j|n s k|n t|n t l|n t m|n t r|p|p r|p t|pp l|pː|r|r d w|r s|r t|r w|rː|s|s k w|s t j|t|t g|t g r|t s|t w|tʃ|tː|w|ɾ|ɾ s|ʔ	b|b l|d|d s|g|g s|j|j l|j n|j r|j t|j ʔ|k|k n|k s|k s t|l|l s|l ʔ|m|m p|m p t|n|n d|n g|n k|n t s|p|p s t|p t|r|r b|r k|r s|r t|s|s t|s ɾ|t|tʃ|w p|w s|w t|ɾ d|ɾ t|ʔ
17	4	2	CCCVCCC	b|b j|b r|d|d j|d r|d w|g|g j|g l|g r|h|j|k|k l|k r|k ŋ|l|l j|m|m j|m r|n|n j|p|p j|r|s|s k|s n|s p r|s t r|s ŋ|t|t j|w|ŋ|ŋ r|ɾ	b|b s t|bb r|d|d j|g|g l|g m|gg r|h|j|j s k|k|k n|k p|k s p|k t|k w|kː|l|l k|lː|m|m b r|m j|m p|m p j|m p l|m p t|n|n d|n d r|n g|n g d|n k j|n s|n s j|n s t|n t|n t j|n t l|n t m|n t r|nː|p|p t|p t j|p w|r|r g|r k|r m|r n j|s|s k w|s k ɾ|s p|s t j|s t ɾ|t|t s|t w|tː|w|ŋ|ŋ g|ŋ g w|ŋ h|ŋ k s|ŋ k t|ɾ	b l|d|d s|g|g s|j|j l|k|k n|l|l b|l s|m|n|n d|n g|n k|p|p s t|p t|r b|r d|s k|s t|s ɾ|t|t l|w|w s|w t|ŋ|ŋ g|ŋ g l|ŋ k s|ŋ n|ɾ|ɾ t
18	4	3	CCCVCCC	f|f r|j|k|k j|k l|k ŋ|l|l w|m|m r|n|p|r|s|s f|s k|s k l|s k w|s l|s r|s t|s t r|s ŋ|t|t r|t s|t s x|w|x|ŋ|ŋ r|ɾ|θ	f|fː|j|j ɾ|k|k j|k n|k s|k s j|k s p|k w|kː|l|l k|l k j|m|m p|m p j|m p l|n|n f j|n f l|n k t|n l|n s|n s j|n s t|n t|n t j|n t l|n t m|nː|p|p r|p t|p w|pː|r|r k|r m|r n j|r s|r x|s|s j|s k w|s t|s t j|s t r|s t ɾ|t|t j|t s|w|x|ŋ|ɾ|ʔ|θ	f|f t|j|j n|j t|j ʔ|k|k s|k s t|l|l k|l s|l t|l t s|l ʔ|m|m p|m p t|n|n t|n ʔ|r|r k|r n|r s t|s|s t s|s ɾ|t|t s|w|w p|w s|x|ŋ|ŋ k|ŋ n|ŋ s|ŋ ʔ|ɾ|ɾ t|ʔ|θ
19	5	1	CCV	b|b j|b r|d|d j|d r|d w|f|g|g l|g r|h|h r|j|k|k j|k l|k r|k w|l|l w|m|m b|m j|m r|p|p l|r|s|s h|s j|s k|s l|s p|s t|s ŋ|t|t s|w|ŋ|ŋ w	b|b j|b t|d|d j|d r|f|f l|fː|g|g l|g m|gː|h|h w|j|k|k w|l|l k|m|m b|m j|m p|p|p r|r|r g|r m|r s|r w|s|s t|t|t w|tː|w|ŋ|ŋ g|ŋ h	
20	5	2	CCV	b|c|c h|d|d j|g|g j|h|j|k|k j|m|m j|n|n j|p|s|s h|s p|t|t s|ɟ|ɲ|ʃ	b|b d|b j|c|d|d j|g|g m|h|j|j k|k|k n|k s|m|m j|n|n d|n g|n h|n j|n t|nː|p|pː|s|s j|t|t g|t j|t s|tː|ɟ|ɲ|ʃ	
21	5	3	CCV	h|j|k|k j|k ŋ|p|s|s k|s p|t|t s|tʃ|w|ŋ|ŋ w	h|j|k|kː|p|p w|s|s j|s p|t|t k|t s|tʃ|w|ŋ|ŋ h|ʔ	
22	6	1	CCVC	b|b j|b l|c|d|dʒ|h|h r|j|k|l|m|m j|n|n j|p|p j|p ɾ|r|s|s b|s h|s k|s l|s p|s z|t|t r|t s|t ɾ|tʃ|z|zː|ɟ|ɣ|ɲ|ɾ|ʃ|ʃ z|ʒ	b|b l|c|d|d j|dʒ|h|j|j k|k|k n|k s|k t|l|l k|l ɟ|m|m b|n|n d|n h|n j|n l|n z|nː|p|p r|p t|r|r k|r t|s|s j|s t|t|t s|tʃ|z|ɟ|ɣ|ɲ|ɾ|ʃ|ʒ	b|d|dʒ|j|m|n|p|r|s|tʃ|z|ɟ|ɣ|ɲ|ʃ|ʒ
23	6	2	CCVC	b|b j|b l|d|d j|g|g l|h|j|k|k j|k w|l|l j|l w|m|n|p|p j|p l|s|s j|s l|t|w|z|ɲ	b|b d|d|d j|g|g m|gː|h|h w|j|j k|k|k n|k t|k w|kː|l|l k|m|m b|m j|m p|n|n d|n g|n l|n z|nː|p|p w|pː|s|s j|s p|s t|t|t g|t k|t s|w|z|z j|ɲ	b|d|j|l|m|n|p|s|w|z
24	6	3	CCVC	b|b j|b l|d|dʒ|j|k|k ɾ|l|l w|m b|p|p j|p ɾ|r|s|s j|s p|s z|t|t j|t r|t s|t ɾ|tʃ|w|z|z r|ŋ|ŋ r|ɣ|ɣ w|ɲ|ɾ|ʃ|ʃ j|ʒ	b|d|d j|dʒ|j|j k|k|k p|kː|l|l k|lː|m b|p|p r|r|r dʒ|r s|r t|r w|s|s p|t|t k|t tʃ|t w|tʃ|tː|w|z|ŋ|ɣ|ɲ|ɾ|ɾ s|ʃ|ʎ|ʒ|ʒ j|ʔ	b|d|j|k|r|s|t|tʃ|w|z|ŋ|ɣ|ʃ|ʎ
25	6	4	CCVC	b|b j|b l|d|f|g|h|j|k|k v|l|m|n|n w|p|r|t|t r|v|w|w r	b|b d|d|d r|f|fː|g|g l|g m|h|h w|j|j k|k|k p|k t|l|lː|m|m b|n|n f|n h|n j|n l|n t|nː|p|p l|p r|p t|pː|r|r m|r t|r w|rː|t|t g|t j|v|v j|w|ʔ	b|d|g|j|k|m|p|r|w|ʔ
26	6	5	CCVC	b|b j|b r|d|d w|dʒ|h|h r|j|k|k r|k w|l|l w|m|n|n j|p|r|s|s n|s z|t|t r|tʃ|w|z|z r|zː|ɣ|ɣ w	b|b d|b j|b t|d|d j|dʒ|h|j|k|k j|k p|k s|k w|l|l k|lː|m|m b|m j|n|n d|n h|n j|n l|p|p l|p t|p w|r|r dʒ|r k|r m|r w|rː|s|t|t j|t k|t tʃ|t w|tʃ|tː|w|z|z j|ɣ|ʔ	b|d|dʒ|j|k|l|m|n|p|r|s|t|tʃ|w|z|ɣ|ʔ
27	6	6	CCVC	b|b j|c|d|d j|d w|f|g|g j|g l|h|j|k|k l|l|l w|m|m j|n|n j|p|p j|p ɾ|t|tʃ|w|ɟ|ɲ|ɾ|ʃ|ʃ j	b|b j|b t|c|d|f|g|gː|h|h w|j|j k|j ɾ|k|k n|k p|k t|l|l tʃ|l ɟ|lː|m|m j|m p|n|n g|n h|n j|nː|p|t|t tʃ|t w|tʃ|tː|w|ɟ|ɲ|ɾ|ʃ|ʃ t|ʔ	b|c|f|j|k|l|m|n|n d|p|t|tʃ|w|ɲ|ɾ|ʃ|ʔ
28	6	7	CCVC	b|b j|ç|ç j|d|d w|g|g j|h|j|k|k j|k w|m|m b|m j|n|n w|p|q|t|t j|ts|tʃ|w|ɢ|χ	b|b t|d|g|g m|h|h w|j|k|k j|k n|k p|kː|m|m b|m j|n|n t|p|p w|pː|t|t j|t k|t tʃ|ts|tʃ|tː|w|ʔ|χ	b|ç|d|h|k|m|n|p|t|ts|tʃ|w|ʔ|χ
29	6	8	CCVC	b|b j|ç|ç j|d|f|f j|g|j|k|k j|k w|m|m b|n|n j|s|s b|s f|s j|s k|s n|s ŋ|t|t j|t s|tʃ|w|ŋ|ŋ w|ʂ|ʂ w|ʈ	b|b d|b t|d|d j|f|g|j|j k|k|k n|k s|kː|m|m j|n|n d|n f|n j|nː|s|t|t k|t w|tʃ|w|ŋ|ŋ g|ʂ|ʈ|ʔ	d|f|g|j|m|n|s|tʃ|w|ʂ|ʔ
30	6	9	CCVC	b|b j|d|d j|d w|dz|f|f j|h|j|k|k v|m|m b|n|s|s f|s j|t|t j|ts|ts z|v|w|z|ɣ|ɣ w|ɲ	b|b d|b t|d|d j|dz|f|h|j|k|k j|k n|k s|kː|m|n|n f|n h|n s|n t|n z|nː|s|s j|t|t j|t s|t w|ts|v|v w|w|z|z j|ɣ|ɲ|ʔ	d|f|j|k|s|t|ts|v|ɲ|ʔ
31	6	10	CCVC	b|b j|d|d j|d w|f|f j|g|g j|h|j|k|l|l j|m|p|p j|p l|t|tʃ|w|x|ŋ	b|b d|b l|d|f|f l|fː|g|g l|gː|h|h w|j|j k|k|k p|l|lː|m|m p|p|p l|t|t g|t k|t w|tʃ|w|x|ŋ|ŋ h	b|d|f|g|k|l|m|p|t|tʃ|x|ŋ
32	6	11	CCVC	b|b j|d|d j|d w|f|f r|h|h r|j|k|k r|k v|k w|k ʁ|kʰ|l|l w|m|n|n w|q|q r|r|s|s f|s h|s j|s k|s l|s n|s t|t|t j|t r|t s|t ʁ|tʰ|v|w|z|zː|ɢ|ɣ|ɣ w|ɸ|ʁ|ʂ|ʂ w|ʂ ʐ|ʃ|ʃ j|ʈ|ʐ|ʒ|χ	b|b j|b l|d|d j|f|fː|h|j|j k|k|k s|k t|kʰ|l|l k|lː|m|m b|m j|n|n d|n f|n h|n l|n s|n t|n v|nː|r|r f|r m|s|s t|t|t k|t s|t ʁ|tʰ|v|v j|w|z|ɣ|ɸ|ʁ|ʁ j|ʁ w|ʂ|ʃ|ʈ|ʒ|ʔ|χ	b|d|f|j|k|l|m|n|r|t|w|ɣ|ʁ|ʂ|ʃ|ʒ|ʔ|χ
33	6	12	CCVC	b|b j|d|d j|f|f j|h|j|k|k j|k v|k ŋ|m|m b|n|n j|p|s|s j|s k|s ŋ|t|t j|v|z|ŋ|ɣ|ʃ|ʃ z|ʒ	b|b d|d|f|h|j|k|k j|k p|m|m b|m j|m p|n|n s|n t|n z|nː|p|p t|pː|s|s j|t|t k|t s|v|v j|z|z j|ŋ|ɣ|ʃ|ʃ t|ʒ	d|f|j|k|m|p|s|t|v|ŋ|ʃ|ʒ
34	6	13	CCVC	b|b j|d|d j|f|f j|j|k|k w|n|n j|n w|s|s b|s f|s k|s n|s t|s z|t|w|x|z|ɣ|ʃ|ʃ j|ʒ	b|b d|b t|d|f|j|j k|k|k j|k s|k t|n|n d|n f|n j|n s|n z|s|s j|s t|t|t k|w|x|z|ɣ|ʃ|ʒ|ʒ j	b|d|k|n|s|t|x|ɣ|ʃ
35	6	14	CCVC	b|b j|d|d r|g|g j|g r|j|k|k j|k l|k r|l|l j|m|m b|m r|n|p|p j|p r|r|s|s j|s p|s t|t|t s|ts	b|b d|d|d r|g|gː|j|k|k p|k s|k t|kː|l|l k|m|m b|m j|m p|n|n j|p|p l|p r|p t|r|r g|r m|r t|rː|s|s j|s p|s t|t|t g|t j|t k|t s|ts|tː|ʔ	b|d|j|k|l|m|n|p|r|s|ʔ
36	6	15	CCVC	b|b j|d|dz|g|g l|j|k|k j|l|m|m b|m j|n|p|p j|s|s k|s n|s t|s ŋ|t|t s|ts|z|zː|ŋ|ɲ|ʂ|ʂ p|ʃ|ʃ j|ʃ z|ʈ|ʐ|ʒ	b|b t|d|d j|dz|g|g l|g m|gː|j|k|k j|k t|kː|l|lː|m|m b|m j|n|n d|n g|n j|n l|n t|p|p t|pː|s|s p|t|t j|ts|z|ŋ|ɲ|ʂ|ʃ|ʈ|ʒ	d|g|j|k|l|m|n|n d|p|s|t|ts|z|ŋ|ɲ|ʂ|ʃ|ʒ
37	6	16	CCVC	b|b j|d|g|g l|h|j|k|k j|k ɾ|l|l j|m|m j|p|s|s j|s k|s l|s p|s t|t|t s|t ɾ|ŋ|ɾ	b|b j|b l|b t|d|d j|g|gː|h|j|j k|k|k j|k t|kː|l|l k|lː|m|m p|p|p l|pː|s|s j|t|ŋ|ɾ	b|d|g|j|l|m|p|s|t|ɾ
38	6	17	CCVC	b|b j|d|g|g l|h|j|k|k j|l|l j|m|m b|n|p|s|s b|s l|s p|t|t s|ɲ|ʃ|ʃ j	b|b d|b j|b l|b t|d|g|g l|g m|gː|h|j|j k|k|k j|k n|k s|kː|l|l k|m|m p|n|n d|n h|n j|n l|n s|nː|p|pː|s|s j|t|t g|t s|tː|ɲ|ʃ|ʔ	d|g|h|j|k|l|m|p|t|ɲ|ʔ
39	6	18	CCVC	b|b l|b r|d|d w|f|f l|f r|g|g l|h|k|k r|k ŋ|l|m|m b|p|p l|p r|p ɾ|r|s|s l|s p|s t|s ŋ|t|t ɾ|w|w r|ŋ|ɾ|ʃ	b|b d|b l|d|d r|f|f l|fː|g|g l|g m|gː|h|h w|k|k s|k t|l|m|p|p l|p r|p t|p w|r|r g|r k|r m|r s|r t|rː|s|s p|t|t g|t k|w|ŋ|ɾ|ɾ s|ʃ|ʔ	b|d|f|g|k|l|m|p|r|s|t|ŋ|ɾ|ʔ
40	6	19	CCVC	b|b l|b r|d|g|g l|g r|h|h r|j|k|k j|k r|k ɾ|l|l j|l w|m|m b|m j|m r|n|n j|p|p j|q|r|s|s h|s j|s t|t|t j|t s|t ɾ|tʃ|w|w r|ɢ|ɾ|χ	b|b d|b t|d|d r|g|g l|h|h w|j|j k|k|k n|k s|k w|l|l tʃ|lː|m|m b|m p|n|n h|n j|n l|n t|nː|p|pː|r|r g|r w|rː|s|t|t j|t k|t s|t tʃ|tʃ|tː|w|ɾ|ʔ|χ	b|d|j|k|n|p|r|s|tʃ|w|ɾ
41	6	20	CCVC	b|b l|c|d|d j|dz|j|k|k j|k l|k r|k w|l|l w|m|m j|m r|n|n j|p|p j|p l|p r|r|s|s k|s n|s t|s z|t|t j|t r|t s|ts|w|z|ɟ|ɣ|ɣ w|ɲ|ʃ|ʃ j|ʒ	b|b d|b j|b t|c|d|d j|dz|j|j ɲ|k|k j|k n|k p|k s|kː|l|m|m p|n|n j|n s|n t|n z|p|p l|p r|p t|p w|r|r k|r s|r w|s|s j|s p|s t|t|t j|t s|t w|ts|tː|w|z|z j|ɟ|ɣ|ɲ|ʃ|ʃ t|ʒ	b|d|j|k|l|m|p|r|s|ts|w|ɟ|ɣ|ɲ|ʒ
42	6	21	CCVC	b|b l|d|d w|f|f j|f l|g|g j|h|j|k|k w|l|m|n|n j|s|s f|s k|s l|t|t j|w|x	b|b d|b l|b t|d|d j|f|fː|g|g l|h|j|k|k n|k s|kː|l|l k|m|n|n d|n f|n g|s|s j|s t|t|t s|w|x|ʔ	d|f|g|j|k|l|m|n|s|t|x|ʔ
43	6	22	CCVC	b|b l|d|dz|dʒ|j|k|k j|l|l j|m|m j|n|p|p j|p l|t|ts|tʃ|ɣ|ʃ|ʒ	b|b j|b l|b t|d|d dʒ|d j|dz|dʒ|j|k|k j|k t|l|l k|l tʃ|lː|m|m j|m p|n|n j|n l|p|p t|t|t tʃ|ts|tʃ|ɣ|ʃ|ʃ t|ʒ|ʒ j	d|j|k|l|m|n|p|t|tʃ|ɣ|ʃ|ʒ
44	6	23	CCVC	b|b l|d|g|g j|g l|g r|h|h r|j|k|k j|k r|k ɾ|l|l j|l w|m|m b|m j|n|n w|p|p l|r|s|s b|s h|s j|s n|s z|t|t r|t s|t ɾ|w|x|z|zː|ŋ|ŋ w|ɣ|ɣ w|ɾ|ʃ|ʃ z|ʒ	b|b d|b j|b l|d|g|g m|h|j|j k|k|k n|k s|k t|l|l k|lː|m|m b|m p|n|n d|n j|n l|n s|n t|n z|nː|p|pː|r|r g|r w|r x|s|s p|s t|t|t g|t w|w|x|z|ŋ|ŋ g|ŋ h|ɣ|ɾ|ɾ s|ʃ|ʃ t|ʒ|ʒ j|ʔ	b|d|h|j|k|l|n|p|r|s|t|w|x|z|ŋ|ɣ|ɾ|ʒ|ʔ
45	6	24	CCVC	b|b r|d|d j|d r|d w|g|g r|h|h r|j|k|k ɾ|l|m|m b|m j|n|n j|n w|p|p r|r|s|s b|s l|s t|t|t ɾ|w|w r|x|ɾ|ʂ|ʂ p|ʈ	b|b d|b j|b l|d|d j|d r|g|g m|h|h w|j|k|k j|k n|k p|k s|k t|l|l k|lː|m|m b|m j|m p|n|n g|n h|n l|n s|n t|p|p t|p w|r|r g|r k|r m|r t|s|s j|t|t j|t k|tː|w|x|ɾ|ʂ|ʈ|ʎ	b|d|g|k|m|r|s|t|w|x|ɾ|ʂ|ʎ
46	6	25	CCVC	b|c|c h|d|d j|d w|g|h|j|k|k j|k w|m|m b|n|p|s|s b|s j|s k|s t|t|t s|w|ŋ|ŋ w|ɟ|ɲ|ʃ	b|b j|b t|c|d|d j|g|g m|h|h w|j|k|k n|k p|k s|k t|k w|m|m j|m p|n|n g|n j|n s|p|p t|s|t|t g|t j|t k|t s|t w|w|ŋ|ɟ|ɲ|ʃ|ʃ t|ʔ	b|c|d|g|j|k|m|n|p|s|t|w|ŋ|ɲ|ʃ
47	6	26	CCVC	b|ç|ç j|d|d j|d w|dʒ|f|g|g j|h|j|k|k j|k l|k v|k ɾ|l|l j|l w|m|p|p ɾ|s|s b|s k|t|tʃ|v|w|z|zː|ɾ|ʃ|ʃ j|ʃ z|ʒ|ʝ	b|b d|b t|d|dʒ|f|g|g m|h|h w|j|j ɾ|k|k p|k s|k t|k w|l|l k|l tʃ|lː|m|m b|m j|m p|p|p t|s|t|t g|t j|t k|t s|t tʃ|tʃ|v|v w|w|z|ɾ|ɾ s|ʃ|ʃ t|ʒ|ʔ	b|ç|d|f|g|j|k|l|p|s|t|tʃ|v|z|ɾ|ʃ|ʒ|ʔ
48	6	27	CCVC	b|ç|ç j|d|d r|f|f j|f l|g|g j|g l|h|j|k|k j|k r|l|m|m b|m j|n|r|s|s f|s h|s k|s n|s t|t|t j|t r|t ɾ|ts|tʃ|x|ɲ|ɾ|θ|θ r	b|b l|b t|ç t|d|f|f l|fː|g|g l|gː|h|j|j ɲ|k|l|l k|l tʃ|m|m j|n|n d|n f|n g|n h|r|r f|r m|r x|rː|s|s j|s t|t|t j|t s|t tʃ|ts|tʃ|x|ɲ|ɾ|θ	b|d|f|g|j|k|l|n|r|s|ts|tʃ|x|ɲ|ɾ|θ
49	6	28	CCVC	b|d|d j|d w|g|g j|h|j|k|k w|l|l w|m|m j|n|n j|n w|p|p ɾ|q|s|s h|s j|s k|s t|t|t j|t s|w|ɢ|ɲ|ɾ|ʃ|χ	b|b t|d|d j|g|g m|gː|h|j|j k|j ɾ|k|k s|k t|l|l k|lː|m|m b|m p|n|n g|n h|n s|p|p l|p t|pː|s|s p|t|t g|w|ɲ|ɾ|ɾ s|ʃ|χ	b|d|g|h|j|k|m|n|p|s|w|ɲ|ɾ|ʃ|χ
50	6	29	CCVC	b|d|d j|f|h|j|k|k j|k l|k v|l|m|m j|n|n j|n w|s|s b|s f|s h|s l|s n|s z|t|t j|v|w|x|z|ɣ	b|b d|b j|b l|b t|d|f|fː|h|j|k|k n|k t|k w|kː|l|l k|lː|m|m b|n|n f|n h|n s|n v|nː|s|s t|t|tː|v|v w|w|x|z|ɣ|ʔ	b|f|j|k|m|n|s|t|v|w|x|z|ʔ
51	6	30	CCVC	b|d|d r|f|f l|g|g j|g r|h|j|k|k ɾ|l|m|m b|n|n w|r|s|s b|s h|s j|s k|s l|s n|t|t s|tʃ|w|ɾ	b|b t|d|d j|f|g|g m|h|h w|j|k|k j|k s|k w|kː|l|l tʃ|m|n|n d|n f|n g|n h|n j|n l|n s|n t|nː|r|r f|r m|r s|r w|rː|s|s t|t|t j|t s|t tʃ|tʃ|w|ɾ|ʎ	b|d|g|j|k|l|m|n|r|s|t|tʃ
52	6	31	CCVC	b|d|f|f l|f r|g|g j|g r|h|j|k|k j|k l|k r|l|l j|l w|m|m j|m r|n|n j|n w|p|p l|p r|r|s|s b|s h|s l|t|t j|v|w|x|z|ɣ|ɣ w|ɲ	b|b j|b l|b t|d|d j|d r|f|f l|g|g l|g m|gː|h|h w|j|j ɲ|k|k j|k p|k s|k t|l|lː|m|n|n d|n g|n h|n j|n l|n t|n z|p|p l|p r|p w|pː|r|r f|r m|r s|r t|r w|r x|s|s j|s t|t|t k|t s|t w|v|v w|w|x|z|z j|ɣ|ɲ	b|d|f|g|k|l|m|n|r|t|w|x|z|ɣ|ɲ
53	6	32	CCVC	b|d|f|g|k|k w|m|m b|n|n w|t|ts|tʃ|w|ʂ|ʂ w|ʈ	b|d|f|g|g m|gː|k|k n|kː|m|n|n f|t|t tʃ|t w|ts|tʃ|tː|w|ʂ|ʈ	b|d|g|k|m|n|t|ts|tʃ|w
54	6	33	CCVC	b|d|g|h|j|k|k w|m|m b|m j|n|n j|p|s|s t|t|w	b|d|d j|g|g m|gː|h|h w|j|j k|k|k j|k n|k t|kː|m|m b|m j|m p|n|n h|n t|p|p t|p w|pː|s|t|w	b|d|g|j|k|m|s
55	6	34	CCVC	c|f|f j|h|h r|j|k|k r|k ŋ|l|m|m j|m r|p|p l|p r|r|s|s j|s k|s l|s t|t|t s|ts|tʃ|w|w r|ŋ|ŋ w|ɲ|ɾ	c|f|f l|h|h w|j|j ɲ|k|k s|k w|l|lː|m|m p|p|p t|p w|r|r f|r m|r s|r w|s|s j|t|t w|ts|tʃ|w|ŋ|ŋ h|ɲ|ɾ|ʎ|ʔ	f|j|k|l|r|t|ts|tʃ|w|ŋ|ɲ|ɾ|ʎ|ʔ
56	6	35	CCVC	ç|j|k|k l|k w|k ŋ|k ɾ|l|l j|l w|m|n|p|p j|p ɾ|q|s|s p|s t|s ŋ|t|t s|tʃ|w|ŋ|ŋ w|ɾ|ʂ|ʂ p|ʃ|χ	ç t|j|j k|k|k j|k s|l|m|m j|m p|n|n j|n t|nː|p|pː|s|s j|t|t w|tʃ|w|ŋ|ɾ|ʂ|ʃ|ʃ t|χ	ç|j|k|l|m|p|t|tʃ|w|ŋ|ɾ|ʂ|ʃ|χ
57	6	36	CCVC	f|f l|k|k l|k w|k ɾ|l|l w|m|n|p|p l|r|s|s f|s k|s p|t|t ɾ|w|w r|ŋ|ŋ r|ŋ w|ɾ	f|f l|k|k n|k p|k t|k w|l|l k|lː|m|n|nː|p|p l|p w|pː|r|r f|r w|rː|s|s p|s t|t|t k|w|ŋ|ɾ|ʎ	f|k|l|m|n|s|w|ŋ|ʎ
58	6	37	CCVC	f|h|j|k|k j|k w|l|l j|l w|m|m j|n|n j|n w|p|p l|s|s n|s p|s t|t|t j|t s|tʃ|w	f|f l|h|j|k|k j|k n|k s|k t|k w|kː|l|l tʃ|m|m j|n|n f|n j|n l|n s|n t|p|p l|pː|s|s j|s t|t|t w|tʃ|tː|w|ʔ	j|k|m|n|p|s|t|tʃ|w|ʔ
59	6	38	CCVC	h|h r|j|k|k l|k r|k w|l|l j|m|n|n w|p|p l|p ɾ|r|t|t j|w|ɲ|ɾ|ʃ|θ	h|j|j ɲ|j ɾ|k|k t|kː|l|m|n|n h|n j|nː|p|p l|p t|pː|r|r k|t|w|ɲ|ɾ|ʃ|ʃ t|θ	j|k|l|m|p|r|w|ɲ|ɾ|ʃ|θ
60	6	39	CCVC	h|j|k|m|n|p|s|s n|s p|s t|t|ts|tʃ|w|ʃ	h|j|k|k j|m|n|n s|n t|nː|p|p t|p w|pː|s|s j|s t|t|t s|t tʃ|ts|tʃ|w|ʃ	j|n|p|s|t|tʃ|w|ʃ
61	7	1	CCVCC	b|b j|b r|d|d j|f|f j|f l|f r|j|k|k v|l|m|m r|p|p j|r|s|s j|s t|s z|t|t j|v|w|x|z|ɣ|ɣ w|ɲ|ʃ|ʃ j|ʃ v|ʒ	b|b d|b l|d|f|f l|j|j k|k|k j|k p|k s|k w|kː|l|lː|m|m j|p|p t|p w|pː|r|r k|r m|r t|r w|r x|rː|s|s j|s p|s t|t|t w|v|v j|v w|w|x|z|ɣ|ɲ|ʃ|ʒ	b|b l|d|d s|f|f t|j|j r|j s|k|k s|l|l k|l z|m p|p|p t|r|r b|r d|r k|r s|r v|r z|s|s k|t|t l|t s|v|v l|w|w p|w s|w t|z|z m|ɣ|ɲ|ʃ|ʒ
62	7	2	CCVCC	b|b j|ç|d|g|h|j|k|k w|k ŋ|l|l j|l w|m|n|p|s|s b|s j|s k|s n|s p|s t|s ŋ|t|t ɾ|tʃ|w|x|ŋ|ŋ w|ɲ|ɸ|ɾ|ʂ|ʂ p|ʃ|ʈ	b|b j|b l|b t|d|d j|g|g l|h|h w|j|j k|k|k n|k p|k s|k t|kː|l|l k|l tʃ|m|m j|n|n g|n s|p|p l|p t|s|s p|t|t j|t s|t tʃ|t w|tʃ|w|x|ŋ|ŋ g|ŋ h|ɲ|ɸ|ɾ|ɾ s|ʂ|ʃ|ʃ t|ʈ|ʔ	b l|ç|d|d s|g|g s|j|j s|j ŋ|j ʃ|j ʔ|k|k t|l|l b|l k|l s|m|m ʔ|n|n t|n ʃ|n ʔ|p|s t|t l|w|w p|w ŋ|x|ŋ|ŋ k|ɲ|ɾ|ɾ d|ʂ|ʃ|ʔ
63	7	3	CCVCC	b|d|d j|d w|f|j|k|k j|k w|m|m j|n|n w|p|p j|t|t j|v|w|ɣ|ʃ|ʃ v|ʒ	b|d|f|j|k|k j|k w|kː|m|m b|n|n d|n f|n t|n v|p|p w|t|v|v w|w|ɣ|ʃ|ʃ t|ʒ	b|d|f|f t|j|j n|j ʃ|k|k n|m p|n d|n t|n ʃ|p t|t|v|w p|w t|ʒ|ʒ n
64	7	4	CCVCC	b|d|d j|dʒ|f|f j|g|g j|g l|h|j|k|k j|l|l j|m|m b|n|n j|p|p l|s|s j|s z|t|t j|t s|tʃ|v|x|z|ɣ|ʃ|ʃ z|ʒ	b|b d|b j|b t|d|d dʒ|d j|dʒ|f|g|g l|g m|gː|h|j|k|k j|k n|k s|k t|l|lː|m|m b|n|n h|n s|n v|n z|p|p l|s|t|t g|t tʃ|tʃ|v|v j|x|z|ɣ|ʃ|ʒ|ʔ	b|b l|d|f t|g|g s|j|j n|j ʔ|k|k t|l|l dʒ|l k|l ʔ|m ʔ|n|n d|n dʒ|n g|n k|n t|n z|n ʔ|p|s|t s|tʃ|v|v l|x|z|z d|z m|ɣ|ʃ|ʃ n|ʒ|ʒ n|ʔ
65	7	5	CCVCC	b|d|d w|dʒ|g|g j|j|k|m|p|s|s b|s k|s t|s z|t|t s|tʃ|w|z|ʂ|ʂ p|ʂ w|ʐ	b|b j|d|d dʒ|dʒ|g|j|k|k j|k s|k t|m|m j|p|pː|s|s j|s t|t|t tʃ|t w|tʃ|w|z|z j|ʂ	b|d|d s|dʒ|g s|j|k s|m|m p|p|t|t s|tʃ|w|w t|z|z m|ʂ
66	7	6	CCVCC	f|f j|j|k|k j|k l|l|m|m j|n|n w|p|p j|r|s|s j|s l|s n|s p|t|t r|t s|t ɾ|w|w r|ɾ	f|fː|j|j k|k|k j|k n|k s|l|m|m j|n|n f|n j|n l|n s|n t|nː|p|p l|p r|p t|p w|r|r k|r s|s|s p|t|t j|t k|tː|w|ɾ|ʎ	f|j|j l|j r|k|k l|k s|k t|l|l f|l k|l t|m|m p|n k|n s|r|r k|r n|r s|s|s t|s ɾ|t|t s|w|w t|ɾ|ɾ t|ʎ
67	7	7	CCVCC	f|f j|j|k|k j|k ŋ|l|l j|m|m j|n|p|p l|s|s k|s n|s p|s t|s ŋ|t|t j|ŋ|ʃ|ʃ j	f|j|k|k p|k t|l|l k|m|m p|n|n f|p|p l|pː|s|s p|t|t s|tː|ŋ|ʃ|ʃ t	f|f t|j|j n|j t|j ʃ|k|k n|k s|k t|l|l s|m|m p|n s|n t|n ʃ|p|s|s k|s t|t|ŋ|ŋ n
68	7	8	CCVCC	f|f r|k|k l|l|m|n|p|p l|p r|r|s|s f|s t|t|ts|ʃ	f|f l|fː|k|k s|kː|l|lː|m|n|n s|nː|p|pː|r|r f|r t|rː|s|t|t k|ts|tː|ʃ|ʃ t|ʎ	f|k|k l|k n|k t|l|l f|l k|l ts|m|m p|n s|n ʃ|p|p t|r|r n|r s|s|s t|t|t l|t s|ts|ʃ n|ʎ
69	7	9	CCVCC	h|j|k|k w|m|n|n j|p|p j|s|s n|s p|s t|t|t j|t s|ts|w|ʃ|ʃ j	h|h w|j|j k|k|k j|k s|k t|k w|kː|m|m p|n|n h|n s|p|p t|s|s j|t|t j|t s|t w|ts|w|ʃ|ʔ	j|j s|j ʃ|j ʔ|k|k t|n|n s|n ts|n ʃ|n ʔ|p t|t|ts|w|w ʔ|ʃ|ʔ
70	7	10	CCVCC	j|k|k w|m|m j|n|n j|n w|p|s|s j|s k|s n|s p|t|t j|w|x|ʃ|ʃ j	j|k|k j|k n|k p|k s|k t|m|m j|m p|n|n t|p|s|s j|t|tː|w|x|ʃ|ʔ	j|j t|j ʔ|k|m|n|n k|n t|n ʔ|p|s k|s t|t|t s|w|w s|w ʔ|x|ʃ|ʃ n|ʔ
71	8	1	CV	b|ç|d|dz|dʒ|g|h|j|k|l|m|m b|n|p|s|t|ts|tʃ|w|x|z|ŋ|ɣ|ɾ|ʃ|ʒ|ʝ	b|d|dz|dʒ|g|h|j|k|l|m|m b|n|n d|p|s|t|ts|tʃ|w|x|z|ŋ|ɣ|ɾ|ʃ|ʒ|ʔ	
72	8	2	CV	b|d|dʒ|f|g|j|k|l|m|n|p|r|s|t|tʃ|v|w|x|z|ŋ|ɣ|ɾ|ʃ|ʒ	b|d|dʒ|f|g|j|k|l|m|m b|n|p|r|s|t|tʃ|v|w|x|z|ŋ|ɣ|ɾ|ʃ|ʎ|ʒ|ʔ	
73	8	3	CV	b|d|dʒ|g|j|k|l|m|n|p|s|t|tʃ|w|z|ŋ|ɾ|ʂ|ʈ|ʐ	b|d|dʒ|g|j|k|l|m|n|p|s|t|tʃ|w|z|ŋ|ɾ|ʂ|ʈ	
74	8	4	CV	b|d|dʒ|h|j|k|m|n|p|s|t|tʃ|w|x|z|ŋ|ɣ	b|d|dʒ|h|j|k|m|n|p|s|t|tʃ|w|x|z|ŋ|ɣ|ʔ	
75	8	5	CV	b|d|f|g|h|j|k|m|n|p|t|v|w	b|d|f|g|h|j|k|m|n|p|t|v|w|ʔ	
76	8	6	CV	b|d|f|g|h|j|k|m|n|s|t|w|x|ŋ|θ	b|d|f|g|h|j|k|m|n|s|t|w|x|ŋ|θ	
77	8	7	CV	b|d|f|g|j|k|l|m|m b|n|p|r|s|t|v|z|ʃ|ʒ	b|d|f|g|j|k|l|m|m b|n|n d|p|r|s|t|v|z|ʃ|ʒ|ʔ	
78	8	8	CV	b|d|f|g|k|m|n|p|t|tʃ|w|ɲ	b|d|f|g|k|m|n|p|t|tʃ|w|ɲ	
79	8	9	CV	b|d|g|h|j|k|m|n|p|s|t|w|z|ʃ|ʒ	b|d|g|h|j|k|m|n|p|s|t|w|z|ʃ|ʒ	
80	8	10	CV	b|d|g|h|j|k|m|p|s|t|w|x|ŋ	b|d|g|h|j|k|m|p|s|t|w|x|ŋ|ʔ	
81	8	11	CV	b|d|g|j|k|m|n|p|s|t|ts|w|x|ŋ|ɲ|ʃ	b|d|g|j|k|m|n|p|s|t|ts|w|x|ŋ|ɲ|ʃ|ʔ	
82	8	12	CV	b|d|g|j|k|m|p|s|t|z|ʃ|ʒ	b|d|g|j|k|m|p|s|t|z|ʃ|ʒ	
83	8	13	CV	b|d|g|k|l|m|n|p|r|s|t|z	b|d|g|k|l|m|n|p|r|s|t|z	
84	8	14	CV	c|f|h|j|k|l|m|n|p|r|s|t|w|ɲ|ʂ	c|f|h|j|k|l|m|n|p|r|s|t|w|ɲ|ʂ	
85	8	15	CV	c|f|h|j|k|l|m|p|s|t|w|ɲ|ɾ|ʂ|ʈ	c|f|h|j|k|l|m|p|s|t|w|ɲ|ɾ|ʂ|ʈ	
86	8	16	CV	c|f|j|k|l|m|n|p|s|t|ts|ŋ|ɲ|ʃ	c|f|j|k|l|m|n|p|s|t|ts|ŋ|ɲ|ʃ|ʔ	
87	8	17	CV	ç|f|k|m|p|s|t|tʃ|w|x|ʃ	f|k|m|p|s|t|tʃ|w|x|ʃ	
88	8	18	CV	f|j|k|l|m|n|p|r|s|t|ɕ|ɲ|ɾ|ʂ	f|j|k|l|m|n|p|r|s|t|ɕ|ɲ|ɾ|ʂ	
89	8	19	CV	f|j|k|l|m|p|r|s|t|tʃ|w|ʃ	f|j|k|l|m|p|r|s|t|tʃ|w|ʃ	
90	8	20	CV	h|j|k|m|n|p|s|t|tʃ	h|j|k|m|n|p|s|t|tʃ|ʔ	
91	8	21	CV	h|j|k|m|n|p|s|t|w|ʃ	h|j|k|m|n|p|s|t|w|ʃ|ʔ	
92	8	22	CV	h|j|k|m|p|s|t|tʃ	h|j|k|m|p|s|t|tʃ|ʔ	
93	8	23	CV	j|k|m|n|p|s|t|tʃ|x|ʂ|ʃ	j|k|m|n|p|s|t|tʃ|x|ʂ|ʃ|ʔ	
94	8	24	CV	j|k|m|n|p|s|t|w	j|k|m|n|p|s|t|w|ʔ	
95	9	1	CVC	b|c|d|dz|dʒ|f|j|k|l|m|n|t|ts|tʃ|w|ɟ|ɣ|ɲ	b|b d|c|d|dz|dʒ|f|fː|j|k|k j|k n|k w|l|l ɟ|m|m j|n|n f|n t|nː|t|ts|tʃ|w|ɟ|ɣ|ɲ	c|d|dʒ|f|j|k|l|m|n|t|ts|tʃ|w|ɟ|ɣ|ɲ
96	9	2	CVC	b|c|d|dz|g|j|k|l|m|p|r|s|t|ts|w|x|z|ɟ|ɣ|ɲ	b|b d|c|d|d r|dz|g|j|j k|k|k j|k s|k t|l|l ɟ|lː|m|m p|p|p r|r|r m|r s|r t|r w|rː|s|s j|t|t g|ts|tː|w|x|z|ɟ|ɣ|ɲ|ʔ	b|d|g|j|k|l|p|r|s|t|ts|x|z|ɟ|ɣ|ʔ
97	9	3	CVC	b|c|d|dʒ|g|h|j|k|l|m|n|p|q|r|t|tʃ|w|x|ŋ|ɟ|ɢ|ɣ|ɲ|ɾ	b|b l|c|d|d dʒ|d j|d r|dʒ|g|g l|g m|gː|h|j|j k|j ɲ|j ɾ|k|k t|k w|kː|l|l ɟ|m|m b|m j|m p|n|n j|n l|p|p l|p r|pː|r|r g|r k|r t|r w|rː|t|t g|t k|t w|tʃ|w|x|ŋ|ŋ g|ɟ|ɣ|ɲ|ɾ|ʔ	b|c|dʒ|k|l|m|n|p|r|tʃ|w|x|ŋ|ɟ|ɣ|ɲ|ɾ
98	9	4	CVC	b|c|d|f|g|j|k|l|m|p|s|t|w|x|ŋ|ɟ|ɲ|ʃ	b|b t|c|d|d j|f|f l|g|g l|gː|j|k|k s|k w|l|l k|l ɟ|lː|m|m j|n d|p|p t|s|s p|s t|t|t g|t k|t s|t w|w|x|ŋ|ɟ|ɲ|ʃ|ʃ t|ʔ	b|c|d|f|g|j|k|l|m|p|s|t|w|x|ɟ|ɲ|ʔ
99	9	5	CVC	b|c|d|g|h|j|k|l|m|n|p|r|s|t|tʃ|w|ŋ|ɟ|ɲ|ʃ	b|b d|b j|b t|c|d|d j|g|g l|gː|h|h w|j|j ɲ|k|k j|k s|k w|l|l k|l tʃ|l ɟ|lː|m|m b|m j|n|n d|n h|nː|p|p r|pː|r|r g|r k|r t|r w|s|s p|t|t g|t j|t s|tʃ|w|ŋ|ŋ g|ŋ h|ɟ|ɲ|ʃ|ʃ t	b|c|d|g|l|m|n|p|r|s|tʃ|ŋ|ɟ|ɲ|ʃ
100	9	6	CVC	b|c|d|g|j|k|l|m|m b|p|s|t|ts|w|ɟ|ɲ	b|b d|b j|c|d|d j|g|g l|j|j k|j ɲ|k|k p|k s|l|l ɟ|lː|m|m b|m p|p|p t|p w|s|t|t j|t k|t s|ts|w|ɟ|ɲ	b|d|j|k|l|m|p|s|t|ts|w|ɲ
101	9	7	CVC	b|ç|d|dz|dʒ|f|g|h|j|k|l|m|n|p|r|t|ts|tʃ|v|w|ŋ|ʝ	b|b d|b l|b t|ç t|d|d j|d r|dz|dʒ|f|g|g l|gː|h|h w|j|k|k j|k n|k w|kː|l|lː|m|m b|m j|n|n d|n f|n h|n t|nː|p|p r|p w|pː|r|r dʒ|r f|r k|r m|rː|t|t g|t k|ts|tʃ|tː|v|v j|w|ŋ	b|ç|f|g|h|j|k|l|m|n|p|t|ts|v|w|ŋ
102	9	8	CVC	b|d|dz|dʒ|f|g|h|j|k|l|m|n|p|r|s|t|ts|tʃ|v|w|z|ɲ	b|b j|d|d r|dz|dʒ|f|fː|g|gː|h|j|j k|j ɲ|k|k s|k w|l|l tʃ|lː|m|m b|m p|n|n g|n j|n l|n s|n t|n v|nː|p|p l|p t|r|r f|r g|r m|r w|rː|s|s j|t|t g|t j|t tʃ|ts|tʃ|v|w|z|ɲ	b|d|dʒ|f|g|j|k|m|n|p|r|s|t|ts|tʃ|w|z|ɲ
103	9	9	CVC	b|d|dz|dʒ|f|g|h|j|k|m|n|s|t|ts|tʃ|v|w|x|z|ɣ|ʂ|ʐ	b|b d|d|d dʒ|d j|dz|dʒ|f|fː|g|g m|gː|h|j|j k|k|k j|k n|k t|m|m j|n|n d|n f|n h|n j|n s|n t|n v|s|s t|t|t tʃ|t w|ts|tʃ|tː|v|v j|w|x|z|ɣ|ʂ|ʔ	b|dʒ|f|g|h|j|k|m|n|s|t|tʃ|v|x|ɣ|ʂ|ʔ
104	9	10	CVC	b|d|dz|dʒ|g|k|kʰ|l|m|n|p|pʰ|r|t|ts|tʃ|tʰ|w|ɾ	b|b d|b t|d|d r|dz|dʒ|g|g l|g m|k|k n|k t|kʰ|l|l tʃ|lː|m|m p|n|n d|n l|n t|p|p l|p t|pʰ|r|r k|r m|r t|rː|t|t g|t tʃ|ts|tʃ|tʰ|tː|w|ɾ	b|d|dʒ|g|k|l|n|p|r|t|ts|tʃ|ɾ
105	9	11	CVC	b|d|dz|dʒ|h|j|k|m b|p|s|t|ts|tʃ|w|z|ŋ|ɣ|ʃ|ʒ	b|b d|b t|d|d dʒ|dz|dʒ|h|j|j k|k|k p|m b|p|pː|s|s j|s p|t|t j|t k|t tʃ|ts|tʃ|tː|w|z|ŋ|ŋ h|ɣ|ʃ|ʃ t|ʒ|ʔ	b|d|j|k|n d|p|s|ts|tʃ|w|z|ŋ|ɣ|ʒ|ʔ
106	9	12	CVC	b|d|dz|f|g|h|j|k|kʰ|m|p|pʰ|s|t|ts|tʰ|v|w|z|ŋ	b|b d|b t|d|dz|f|g|g m|gː|h|h w|j|k|k j|k s|k t|kʰ|m|m b|p|p t|pʰ|s|s j|s t|t|ts|tʰ|tː|v|w|z|ŋ|ŋ h	d|f|g|h|j|k|m|p|s|t|ts|v|w|ŋ
107	9	13	CVC	b|d|dz|f|g|h|j|k|l|m|n|p|t|ts|v|w|x|ɣ|ʂ|ʃ|ʐ|ʒ	b|b t|d|d j|dz|f|g|g l|g m|gː|h|j|j k|k|k j|k n|k p|l|l k|lː|m|m j|n|n g|n l|p|p l|p t|p w|t|t j|ts|tː|v|v j|v w|w|x|ɣ|ʂ|ʃ|ʃ t|ʒ|ʒ j	b|d|f|g|j|k|l|m|p|t|ts|v|w|x|ɣ|ʂ|ʃ|ʒ
108	9	14	CVC	b|d|dʒ|f|g|h|j|k|l|m|n|p|r|s|t|tʃ|v|w|z	b|b j|d|d r|dʒ|f|f l|g|g l|g m|h|h w|j|j k|k|k w|l|m|m b|m j|n|n d|n f|n j|n s|n v|n z|nː|p|p l|p t|pː|r|r dʒ|r m|r t|r w|s|s j|s t|t|t j|tʃ|v|v j|w|z|ʎ	b|d|dʒ|g|k|l|m|n|n d|p|r|s|tʃ|v|w
109	9	15	CVC	b|d|dʒ|f|g|j|k|l|m|n|p|r|s|t|tʃ|v|w|z|ŋ|ʃ|ʒ	b|b d|b l|d|d j|dʒ|f|f l|g|j|k|k p|k s|k t|kː|l|l k|m|m j|m p|n|n g|n j|n l|nː|p|p t|r|r dʒ|r f|r g|r t|r w|rː|s|s p|s t|t|t j|t k|t tʃ|t w|tʃ|tː|v|v j|w|z|ŋ|ʃ|ʃ t|ʒ|ʒ j	b|d|dʒ|f|j|k|l|m|n|p|r|s|tʃ|v|w|z|ŋ|ʒ
110	9	16	CVC	b|d|dʒ|f|h|j|k|l|m|n|p|r|s|t|tʃ|v|w|z|ɣ|ɾ|ʃ|ʒ	b|b d|d|d r|dʒ|f|fː|h|j|j k|j ɾ|k|k n|k w|l|lː|m|m j|m p|n|n f|n s|n t|n v|p|p l|p r|p t|p w|r|r t|r w|rː|s|s j|t|t tʃ|t w|tʃ|v|v w|w|z|ɣ|ɾ|ʃ|ʒ	b|d|dʒ|f|j|k|l|m|n|p|r|t|tʃ|v|z|ɣ|ɾ|ʃ|ʒ
111	9	17	CVC	b|d|dʒ|h|k|l|m|n|p|r|s|t|tʃ|w|z|ɣ	b|b d|b t|d|dʒ|h|k|k s|k t|l|l tʃ|m|m b|n|n d|n h|n t|n z|nː|p|r|r dʒ|r k|r w|rː|s|s p|s t|t|t k|t s|t tʃ|t w|tʃ|w|z|ɣ	b|d|dʒ|h|k|l|m|n|s|t|tʃ|w|z|ɣ
112	9	18	CVC	b|d|f|g|h|j|k|l|m|m b|n|s|t|w|z|ʂ|ʃ|ʈ|ʐ|ʒ	b|b j|b l|d|f|g|h|j|k|k j|l|l k|m|n|n d|n h|n j|nː|s|s t|t|t k|t w|w|z|ʂ|ʃ|ʈ|ʒ|ʒ j	d|f|g|h|j|l|m|n|s|w|z|ʂ|ʃ|ʒ
113	9	19	CVC	b|d|f|g|h|j|k|l|m|n|p|q|r|t|w|ɢ|χ	b|b d|b j|b t|d|f|f l|g|g l|gː|h|j|k|k n|k t|k w|l|lː|m|m p|n|n d|n j|n l|p|p l|p w|r|r f|r k|r m|r t|r w|rː|t|t w|w|χ	b|d|f|g|j|l|p|t|w
114	9	20	CVC	b|d|f|g|h|j|k|l|m|n|p|r|s|t|w|x|ŋ|ɲ|ɾ	b|b j|d|f|fː|g|g l|g m|h|j|j k|j ɾ|k|k p|k s|k t|k w|l|l k|m|m j|n|n g|n j|n s|nː|p|p l|p r|p w|pː|r|r g|r k|r t|r x|s|s j|s t|t|t g|t s|tː|w|x|ŋ|ɲ|ɾ|ʔ	d|f|g|h|j|k|l|p|r|s|t|w|x|ŋ|ɲ|ɾ|ʔ
115	9	21	CVC	b|d|f|g|h|j|k|l|m|n|p|r|s|t|w|ɾ	b|d|d r|f|f l|g|g m|gː|h|h w|j|j ɾ|k|k p|k s|k w|l|l k|m|m b|m j|m p|n|n f|n h|n j|nː|p|p l|p r|pː|r|r f|r g|r k|r s|s|t|t j|t k|t s|tː|w|ɾ	b|d|f|g|j|k|l|n|p|t|ɾ
116	9	22	CVC	b|d|f|g|h|j|k|l|m|n|p|s|t|tʃ|w|ɾ	b|b d|b j|b t|d|f|f l|fː|g|g l|h|j|j ɾ|k|k s|kː|l|l k|m|m b|m j|n|n d|n j|n l|n s|p|p w|s|s j|s p|t|t j|t tʃ|tʃ|w|ɾ|ʔ	d|f|g|j|k|l|m|n|p|s|t|tʃ|w|ɾ|ʔ
117	9	23	CVC	b|d|f|g|h|j|k|l|m|n|p|s|t|x|ŋ|ɾ|ʃ	b|b j|d|f|f l|g|g l|gː|h|j|j ɾ|k|k j|k p|k s|k t|kː|l|m|m j|m p|n|n d|n g|n l|p|p l|p t|s|s j|s t|t|t g|t k|t s|x|ŋ|ŋ g|ŋ h|ɾ|ʃ|ʔ	b|d|f|g|j|k|l|m|p|s|t|ŋ|ɾ|ʃ|ʔ
118	9	24	CVC	b|d|f|g|h|j|k|l|m|n|q|t|w|ɢ|ɸ|β	b|b j|b l|b t|d|f|fː|g|gː|h|h w|j|j k|k|k j|k n|k t|k w|kː|l|m|m b|n|n h|n l|n t|nː|t|t g|t j|t w|tː|w|ɸ|ʔ|β	b|f|g|j|k|l|m|n|w|β
119	9	25	CVC	b|d|f|g|h|j|k|l|m|n|r|t|tʃ|w|ŋ	b|b d|b t|d|d j|d r|f|g|g l|h|h w|j|k|k j|k t|k w|kː|l|l k|lː|m|m b|n|n f|n g|n h|nː|r|r f|r g|r k|r m|r w|rː|t|t g|t j|t k|t w|tʃ|tː|w|ŋ|ŋ g|ŋ h	b|d|f|j|k|l|m|n|t|tʃ|w|ŋ
120	9	26	CVC	b|d|f|g|h|j|k|l|m|p|s|t|w|ɾ	b|b d|b j|b t|d|d j|f|f l|g|g l|h|j|j k|j ɾ|k|k j|k p|l|l k|lː|m|m b|p|p l|p t|s|s p|s t|t|t j|t k|t w|tː|w|ɾ	b|d|g|j|k|l|s
121	9	27	CVC	b|d|f|g|h|j|k|p|s|t|tʃ|w	b|b d|b j|b t|d|f|g|gː|h|h w|j|k|k p|k s|k w|p|p t|s|s j|s p|s t|t|t j|t s|tʃ|tː|w	b|d|f|g|j|k|p|s|t|tʃ
122	9	28	CVC	b|d|f|g|h|k|l|m|n|p|r|s|t|tʃ|ɲ|ɸ|ɾ|ʃ|β	b|b l|d|f|f l|fː|g|g l|g m|h|k|k s|kː|l|l k|lː|m|m b|n|n f|n h|n l|n s|n t|p|p t|r|r k|r m|r t|rː|s|s p|s t|t|t g|tʃ|tː|ɲ|ɸ|ɾ|ʃ|β	b|d|f|g|k|l|m|n|n d|p|r|s|t|tʃ|ɾ|ʃ|β
123	9	29	CVC	b|d|f|g|h|k|l|m|n|p|r|s|t|tʃ|ɾ	b|b d|d|d r|f|f l|g|h|k|k n|k t|kː|l|l k|lː|m|n|n d|n f|n l|p|p l|p r|p t|pː|r|r t|s|s p|t|t g|t s|t tʃ|tʃ|tː|ɾ|ɾ s|ʎ|ʔ	b|g|k|l|m|n|p|r|s|t|tʃ|ʎ|ʔ
124	9	30	CVC	b|d|f|g|j|k|l|m|n|p|r|s|t|tʃ|w|ŋ|ʃ	b|b d|d|d r|f|g|g m|gː|j|k|k w|l|l k|l tʃ|m|m b|n|n d|n g|n j|nː|p|p w|r|r f|r g|r m|s|s t|t|t k|t s|t tʃ|t w|tʃ|tː|w|ŋ|ʃ|ʃ t|ʔ	b|d|f|g|j|k|l|m|n|r|s|tʃ|ʃ|ʔ
125	9	31	CVC	b|d|f|g|j|k|l|m|n|p|r|t|w|ŋ|ʂ|ʃ|ʈ	b|b j|b l|d|d r|f|fː|g|g l|g m|gː|j|j k|k|k j|k n|k t|kː|l|lː|m|m b|m j|m p|n|n d|n g|n t|p|p r|p w|pː|r|r f|r k|r m|rː|t|t j|tː|w|ŋ|ŋ g|ʂ|ʃ|ʈ	d|f|g|k|m|n|p|t|w|ʂ|ʃ
126	9	32	CVC	b|d|f|g|j|k|l|m|n|p|r|t|ŋ|ɾ	b|b d|d|d j|f|f l|g|g l|gː|j|j k|j ɾ|k|k j|l|lː|m|m b|m j|n|n d|n g|n j|n t|p|p t|r|r f|r g|r m|r t|t|t j|t k|ŋ|ɾ|ʔ	b|d|f|j|k|l|m|p|r|t|ŋ|ɾ|ʔ
127	9	33	CVC	b|d|f|g|j|k|l|m|n|p|s|t|v|w|z	b|b j|b l|d|d j|f|g|j|j k|k|k j|k n|k p|k w|kː|l|lː|m|m b|n|n j|n l|n s|n z|p|p w|pː|s|s j|s p|t|t g|t k|v|w|z	b|d|f|g|j|k|l|m|n|s|t|v|w|z
128	9	34	CVC	b|d|f|g|j|k|m|m b|n|p|s|t|tʃ|ŋ	b|b j|d|d j|f|g|gː|j|j k|k|k j|k t|kː|m|m b|m j|m p|n|n d|n f|n s|n t|nː|p|p t|pː|s|s j|t|t g|t j|tʃ|ŋ|ŋ g	d|j|k|m|p|s|t
129	9	35	CVC	b|d|f|g|j|k|m|n|p|s|t|v|w|z	b|d|d j|f|g|g m|gː|j|j k|k|k j|k n|m|m b|n|n v|p|p t|s|s p|s t|t|t j|t k|v|v w|w|z	b|f|g|j|n|p|t|v|w|z
130	9	36	CVC	b|d|f|g|j|k|m|n|p|s|t|v|w|z|ʃ|ʒ	b|b d|b j|d|d j|f|fː|g|g m|gː|j|j k|k|k j|k n|k p|k w|m|n|n j|n s|p|p w|s|s j|s p|t|t g|t s|v|w|z|ʃ|ʒ|ʒ j	b|d|f|g|j|m|n|p|s|t|v|w|z|ʃ
131	9	37	CVC	b|d|f|g|k|l|m b|p|s|t|tʃ|w|ŋ|ʃ	b|b d|b t|d|f|g|g l|gː|k|k p|k s|k w|kː|l|l k|l tʃ|lː|p|p t|p w|pː|s|s p|t|t g|t tʃ|tʃ|tː|w|ŋ|ʃ|ʃ t	b|f|g|l|n d|p|s|t|tʃ|w|ʃ
132	9	38	CVC	b|d|f|h|j|k|m|n|p|s|t|v|w|z|ɣ|ʃ|ʒ	b|b j|b t|d|f|h|j|j k|k|k j|k n|k s|m|m b|m j|n|n d|n h|n v|nː|p|s|s j|s p|s t|t|t j|t k|t s|v|v j|w|z|ɣ|ʃ|ʃ t|ʒ	d|f|j|k|m|n|s|v|w|z|ɣ|ʒ
133	9	39	CVC	b|d|g|h|j|k|l|m|n|p|r|s|t|ts|tʃ|w	b|b d|b j|b t|d|d j|g|g m|h|h w|j|j k|k|k n|k p|kː|l|m|m p|n|n h|n j|n l|n s|nː|p|p t|r|r t|rː|s|s j|s t|t|t g|t w|ts|tʃ|w	b|d|j|k|l|m|n|p|r|s|t|ts|tʃ|w
134	9	40	CVC	b|d|g|h|j|k|l|m|p|r|s|t|w|ŋ|ɸ|ʂ|ʈ	b|b d|b j|b l|b t|d|d j|d r|g|gː|h|h w|j|k|k p|kː|l|lː|m|m p|p|p l|p r|p t|p w|r|r g|r m|r w|s|s j|s t|t|t j|t k|t s|w|ŋ|ŋ h|ɸ|ʂ|ʈ	d|h|j|k|l|m|p|r|s|t|w|ŋ
135	9	41	CVC	b|d|g|h|j|k|m|n|p|s|t	b|b t|d|d j|g|g m|gː|h|j|k|k t|kː|m|m j|m p|n|n h|n t|nː|p|pː|s|s j|s p|t|t j|t k|ʔ	d|g|j|m|n|p|s|t|ʔ
136	9	42	CVC	b|d|g|h|j|k|m|p|t|ts|tʃ|w|ŋ|ʃ	b|b d|d|d j|g|g m|gː|h|j|j k|k|k w|m|p|p t|p w|pː|t|t g|t j|t k|ts|tʃ|w|ŋ|ʃ	b|d|j|m|p|t|ts|tʃ|w|ŋ|ʃ
137	9	43	CVC	b|d|g|h|k|l|m|n|p|r|t|w|ŋ	b|b d|b l|b t|d|g|g l|g m|gː|h|h w|k|k n|k p|k t|k w|kː|l|lː|m|m b|m p|n|n d|n g|n t|nː|p|p w|pː|r|r t|rː|t|t k|w|ŋ|ŋ g	b|g|k|l|m|n|p|r|w|ŋ
138	9	44	CVC	b|d|g|j|k|m|n|p|s|t|w	b|b d|b j|d|g|j|j k|k|k s|k w|kː|m|m b|m p|n|n d|n j|n t|nː|p|s|s j|s p|t|t g|t k|t s|t w|w	b|d|g|j|k|m|n|p|s|t|w
139	9	45	CVC	b|d|h|j|k|l|m|n|p|s|t|z|ɣ|ɾ|ʃ|ʒ	b|b j|b t|d|h|j|j k|k|k n|k p|k t|kː|l|l k|m|m j|m p|n|n d|n h|n s|nː|p|p l|s|s j|s p|s t|t|t j|t k|tː|z|ɣ|ɾ|ʃ|ʒ|ʒ j|ʔ	b|d|j|k|l|m|p|s|z|ɣ|ʃ|ʒ|ʔ
140	9	46	CVC	c|f|k|l|m|n|p|r|s|t|w|x|ŋ|ɲ|ɾ	c|f|fː|k|k n|k s|k t|kː|l|l k|m|m p|n|n f|n l|n s|n t|nː|p|p l|p t|pː|r|r k|r t|s|s p|s t|t|t s|t w|w|x|ŋ|ɲ|ɾ	c|f|l|m|n|p|r|s|t|w|x|ŋ|ɲ|ɾ
141	9	47	CVC	c|j|k|l|m|n|p|r|s|t|tʃ|w|ɲ|ɾ	c|j|j k|j ɲ|k|k t|k w|kː|l|l tʃ|m|m j|n|n j|n t|p|p l|p t|r|r s|r w|s|s j|t|tʃ|tː|w|ɲ|ɾ|ʎ	c|j|l|m|n|p|r|s|t|tʃ|w|ɲ|ɾ|ʎ
142	9	48	CVC	ç|f|h|j|k|l|m|n|p|r|s|t|tʃ|w|x|ŋ|ɾ	f|h|j|j k|j ɾ|k|kː|l|lː|m|m p|n|n s|n t|nː|p|p r|p t|r|r t|r x|rː|s|s j|s p|s t|t|t j|t k|t s|tʃ|w|x|ŋ|ŋ h|ɾ|ɾ s|ʔ	ç|f|j|l|n|p|r|t|tʃ|x|ŋ|ɾ|ʔ
143	9	49	CVC	ç|h|j|k|m|p|s|t|ts|tʃ|ʃ	ç t|h|j|j k|k|k j|k s|m|p|p t|pː|s|s j|s p|t|t j|t s|t tʃ|ts|tʃ|ʃ|ʃ t|ʔ	ç|j|k|m|p|s|t|ts|ʃ|ʔ
144	9	50	CVC	f|h|j|k|l|m|n|p|s|t|tʃ|w|ŋ|ɾ	f|f l|fː|h|j|j ɾ|k|k t|k w|kː|l|lː|m|n|n f|n s|p|pː|s|s p|t|t j|t w|tʃ|w|ŋ|ɾ|ɾ s	f|j|k|l|m|p|s|t|tʃ|w|ŋ
145	9	51	CVC	f|h|j|k|l|m|p|r|t|w|ŋ|ʃ	f|f l|h|h w|j|k|k t|l|l k|lː|m|m j|m p|p|p r|p w|r|r f|r m|r t|r w|rː|t|t k|t w|w|ŋ|ŋ h|ʃ|ʎ|ʔ	f|j|k|m|p|r|t|w|ŋ|ʃ|ʎ|ʔ
146	9	52	CVC	f|h|j|k|l|m|p|s|t|tʃ|w|x|ʃ	f|fː|h|j|j k|k|k j|k p|k s|l|l k|lː|m|m b|m j|m p|n d|p|p l|p w|s|s j|s p|s t|t|t j|t s|tʃ|w|x|ʃ|ʔ	f|h|j|k|l|m|p|s|t|tʃ|w|x|ʃ
147	9	53	CVC	f|h|j|k|l|m|p|s|t|tʃ|w|ɲ|ʃ	f|f l|fː|h|h w|j|j ɲ|k|k p|k t|k w|l|l tʃ|lː|m|p|p w|pː|s|s j|s t|t|t j|t k|t s|tʃ|w|ɲ|ʃ|ʃ t|ʔ	f|j|l|m|p|s|t|tʃ|ɲ|ʔ
148	9	54	CVC	f|h|j|k|l|p|r|s|t|w|ŋ|ɾ|ʃ	f|h|j|j ɾ|k|k p|k s|k w|l|lː|p|p l|p w|pː|r|r s|s|s j|t|t j|t s|t w|w|ŋ|ɾ|ɾ s|ʃ|ʃ t	f|j|r|s|t|ŋ|ɾ|ʃ
149	9	55	CVC	f|h|k|m|n|p|t|tʃ|w|ʃ	f|fː|h|h w|k|k p|k t|k w|kː|m|n|n f|nː|p|p t|p w|t|t tʃ|tʃ|w|ʃ|ʃ t	k|p|t|tʃ|ʃ
150	9	56	CVC	f|h|k|m|p|t|ts|w	f|h|k|k w|m|p|t|t w|ts|w	f|k|m|t|ts|w
151	9	57	CVC	f|j|k|l|m|n|p|s|t|ts|tʃ|w|ŋ|ɾ	f|fː|j|j k|k|k j|k n|k s|l|l k|m|n|n f|n l|n t|p|p t|p w|pː|s|t|t s|t w|ts|tʃ|tː|w|ŋ|ɾ|ʔ	j|k|l|m|n|p|ts|tʃ|w|ŋ|ʔ
152	9	58	CVC	f|j|k|l|n|p|s|t|w|ŋ|ɲ|ɾ|ʂ|ʃ	f|j|j ɲ|k|k t|l|n|n j|p|p w|pː|s|s j|s p|s t|t|t k|t w|tː|w|ŋ|ɲ|ɾ|ʂ|ʃ|ʃ t	f|j|l|p|s|t|ŋ|ɲ|ɾ|ʂ|ʃ
153	9	59	CVC	h|j|k|l|m|n|p|r|s|t|tʃ|w|ŋ|ʃ	h|j|j k|k|k p|k s|l|l tʃ|m|m j|n|n j|n l|n t|p|p l|p r|p t|r|r k|rː|s|t|t j|tʃ|w|ŋ|ŋ h|ʃ|ʔ	k|l|m|n|t|w|ŋ|ʃ|ʔ
154	9	60	CVC	h|j|k|l|m|p|r|s|t|tʃ|w|ɾ|ʃ	h|h w|j|k|k s|k w|l|l k|m|m p|p|p l|p w|r|r k|r s|r t|r w|rː|s|s j|s p|t|t tʃ|tʃ|w|ɾ|ɾ s|ʃ|ʃ t	j|k|l|m|s|t|tʃ|w|ʃ
155	9	61	CVC	h|j|k|l|p|r|s|t|tʃ|w|x|ɾ	h|j|j k|j ɾ|k|k t|k w|l|l tʃ|p|p r|p t|p w|pː|r|r s|r w|rː|s|s j|s t|t|t j|tʃ|tː|w|x|ɾ|ɾ s|ʔ	j|k|l|p|r|s|t|tʃ|w|ɾ
156	9	62	CVC	h|j|k|m|n|p|s|t|w|ʃ	h|h w|j|j k|k|k j|k p|k t|m|m p|n|n s|n t|nː|p|p t|p w|pː|s|s j|s t|t|t w|w|ʃ	j|k|m|p|s|t|ʃ
157	9	63	CVC	h|k|l|m|n|p|r|s|t|ŋ|ɲ	h|k|k n|kː|l|m|m p|n|n h|n l|p|p l|p r|p t|r|r m|r s|r t|rː|s|s p|t|t k|t s|ŋ|ŋ h|ɲ	h|k|m|r|s|t|ɲ
158	10	1	CVCC	b|c|d|dz|g|h|j|k|n|p|s|t|ts|z|ŋ|ɟ|ɲ	b|c|d|dz|g|h|j|j k|k|k j|k n|k t|n|n d|n g|n h|n t|n z|p|pː|s|s p|s t|t|ts|tː|z|z j|ŋ|ŋ g|ɟ|ɲ	c|d|g|g s|j|j ŋ|k|k n|k s|k t|n d|n g|n s|p|s|s k|s t|t|t s|z|ŋ|ŋ g|ŋ n|ŋ s|ɟ
159	10	2	CVCC	b|c|d|f|g|j|k|l|m|m b|n|p|r|t|w|ŋ|ɟ|ɲ|ɾ|ʃ	b|b j|c|d|d j|f|g|g m|gː|j|j k|j ɾ|k|k j|l|l k|l ɟ|lː|m|m b|m j|n|n d|n f|n g|n j|nː|p|p l|pː|r|r f|r k|r t|rː|t|t j|t k|tː|w|ŋ|ɟ|ɲ|ɾ|ʃ|ʃ t	b|c|d|f|f t|g|j|j r|j t|k|k l|k n|k t|l|l d|l f|l t|m|n d|n t|n ʃ|p|r|r d|r k|r n|t|t l|w|w ŋ|ŋ|ŋ k|ɲ|ɾ|ʃ|ʃ n
160	10	3	CVCC	b|d|dz|dʒ|f|h|j|k|l|m|n|p|r|s|t|ts|tʃ|v|z|ɣ|ʃ|ʒ	b|b l|d|d r|dz|dʒ|f|f l|h|j|j k|k|k j|k n|k p|k s|k t|kː|l|lː|m|n|n z|nː|p|p l|pː|r|r m|r s|rː|s|s j|s p|t|t j|t s|t tʃ|ts|tʃ|v|z|ɣ|ʃ|ʒ|ʒ j	b|b l|d|d s|dʒ|f|j|j n|j r|j t|j ʃ|k|k n|k s|l|l b|l d|l f|m|n|n dʒ|n k|n t|n ts|n tʃ|n z|n ʃ|p|r|r b|r d|s|s k|t|t s|ts|tʃ|v|v l|z d|z m|ɣ|ʃ|ʃ n|ʒ|ʒ n
161	10	4	CVCC	b|d|dʒ|h|j|k|l|m|n|p|r|s|t|tʃ|w|x|z|ð|ŋ|ɣ|ɲ|ɾ|θ	b|b d|b l|d|d dʒ|d r|dʒ|h|h w|j|j k|k|k w|kː|l|l k|m|m p|n|n d|n h|n z|nː|p|p r|p t|r|r k|r m|r t|r w|s|s t|t|t j|t k|t w|tʃ|tː|w|x|z|ð|ŋ|ŋ h|ɣ|ɲ|ɾ|ʔ|θ	b|d|d s|dʒ|j|j l|j n|j r|j ŋ|k|k l|k s|k t|l k|l s|l t|m|n|n k|n s|n tʃ|n z|p|r|r d|r x|s|s k|t|t l|tʃ|w|w p|w t|w ŋ|w ʔ|x|z d|z m|ŋ|ŋ s|ɣ|ɲ|ɾ|ɾ t|ʔ|θ
162	10	5	CVCC	b|d|f|g|j|k|m|n|t|w|ŋ|ɸ|ʃ	b|d|f|fː|g|g m|j|k|k n|k w|m|m b|n|n d|n f|n j|nː|t|t k|t w|tː|w|ŋ|ɸ|ʃ	b|d|f|f t|g|j|j n|j t|k|k n|m|n|n g|n t|t|w|w t|w ŋ|ŋ|ŋ n|ʃ
163	10	6	CVCC	b|d|g|h|j|k|l|m|n|p|s|t|z|ɾ	b|b j|d|d j|g|g l|g m|gː|h|j|j k|k|k j|k n|k p|k s|l|lː|m|m b|m j|m p|n|n d|n g|n h|n l|n s|nː|p|p l|s|s j|s t|t|t g|t k|t s|tː|z|z j|ɾ|ʔ	b|b l|d|g|g s|h|j|j ʔ|k l|k n|k s|l|l b|l d|l k|l s|l ʔ|m|n d|n g|n ʔ|s|s k|s t|s ɾ|z d|ɾ|ɾ t|ʔ
164	10	7	CVCC	b|d|g|h|j|k|m|n|p|s|t|ts|w|x|ŋ|ʃ	b|b d|d|g|h|j|j k|k|k p|k w|kː|m|m j|n|n j|nː|p|p t|p w|pː|s|s j|s p|t|t g|t j|t s|t w|ts|w|x|ŋ|ŋ g|ʃ|ʔ	b|d|g|j|j n|j s|j t|j ŋ|j ʃ|j ʔ|k|k n|k s|m|n|n d|n k|n s|n t|n ʔ|p|s|s k|t|ts|w|w p|w ʔ|x|ŋ|ŋ k|ʔ
165	10	8	CVCC	b|d|g|h|k|l|m|n|p|r|s|t|w|x|z|ɣ|ɲ|ʂ|ʃ|ʐ|ʒ	b|b d|d|g|g l|gː|h|h w|k|k n|k t|l|l k|lː|m|n|n g|n l|n s|n t|n z|nː|p|p l|pː|r|r k|r m|r w|rː|s|s t|t|w|x|z|ɣ|ɲ|ʂ|ʃ|ʒ|ʔ	b|b l|d|g|g s|k|k n|k s|k t|l k|l t|m|m ʔ|n|n k|n s|n t|n ʃ|p|p t|r|r s|r t|r x|r z|s t|t|t s|w|w p|x|z|ɣ|ɲ|ʃ|ʃ n|ʒ|ʔ
166	10	9	CVCC	c|f|h|j|k|l|m|n|p|r|s|t|ts|tʃ|w|ŋ|ɲ|ʃ	c|f|h|j|k|k j|kː|l|l tʃ|m|n|n h|n s|n t|p|p r|p t|r|r f|r k|r s|s|s j|s t|t|t j|t k|t s|t tʃ|ts|tʃ|w|ŋ|ɲ|ʃ|ʔ	c|j|j l|j r|j s|j t|j ʃ|k|k n|k s|l|l f|l k|l t|l ʔ|m|m p|m ʔ|n|n k|n s|n t|n ʃ|p|r|r s|r t|s|s k|t|t l|t s|ts|tʃ|w ʔ|ŋ|ŋ ʔ|ɲ|ʃ n|ʔ
167	10	10	CVCC	f|j|k|l|m|n|p|s|t|tʃ|w|ɸ|ɾ|ʂ|β	f|fː|j|k|k j|k n|k t|k w|kː|l|l k|lː|m|m j|n|n f|n l|n s|nː|p|p l|p w|s|t|t k|t s|t w|tʃ|w|ɸ|ɾ|ɾ s|ʂ|β	f t|j|j t|k|k l|k n|k s|l f|l t|m|n|n t|p|s|s k|s t|s ɾ|t|t s|tʃ|w|w p|ʂ|β
168	10	11	CVCC	f|j|k|m|n|p|s|t|tʃ|w|x	f|fː|j|j k|k|k j|k s|kː|m|m j|m p|n|nː|p|p t|p w|s|t|t j|t k|t s|t tʃ|t w|tʃ|w|x	f|j|j n|j s|j t|k|k n|k t|m|n|n k|n s|n t|p|p t|s|s k|tʃ|w|x
